OBJECTID,tribal_status,POSTCODE,NumberOfPeopleVaccinated,NumberOfPeopleVaccinatedCategory,Shape_Length,Shape_Area
1,Non-Tribal,85003,2402,"1,001-5,000",19678.55802,7393037.776
2,Non-Tribal,85004,1734,"1,001-5,000",20058.21915,7215753.822
3,Non-Tribal,85006,2820,"1,001-5,000",19248.57357,14490813.34
4,Non-Tribal,85007,2026,"1,001-5,000",24443.16669,15202557.05
5,Non-Tribal,85008,5175,"5,001-10,000",34329.64012,37625529.88
6,Non-Tribal,85009,2750,"1,001-5,000",41755.65475,55719674.37
7,Non-Tribal,85012,2472,"1,001-5,000",23681.39269,7827627.745
8,Non-Tribal,85013,5327,"5,001-10,000",26524.42278,14327106.61
9,Non-Tribal,85014,5119,"5,001-10,000",27213.16696,14991805
10,Non-Tribal,85015,4452,"1,001-5,000",23857.22372,18233263.77
11,Non-Tribal,85016,8595,"5,001-10,000",39372.04942,35846428.93
12,Non-Tribal,85017,2783,"1,001-5,000",26314.66653,19731165.69
13,Non-Tribal,85018,9653,"5,001-10,000",40076.97241,36709285.69
14,Non-Tribal,85019,1780,"1,001-5,000",23926.6195,13628987.01
15,Non-Tribal,85020,8167,"5,001-10,000",34298.00008,34758710.31
16,Non-Tribal,85021,7371,"5,001-10,000",29103.03314,26453503.63
17,Non-Tribal,85022,8728,"5,001-10,000",38955.90636,37605004.74
18,Non-Tribal,85023,5041,"5,001-10,000",25611.50706,27995441.25
19,Non-Tribal,85024,4183,"1,001-5,000",67752.7801,61126872.15
20,Non-Tribal,85027,4338,"1,001-5,000",38730.84073,39766914.3
21,Non-Tribal,85028,6229,"5,001-10,000",32172.93105,39968232.6
22,Non-Tribal,85029,5105,"5,001-10,000",35702.704,29307733.72
23,Non-Tribal,85031,1632,"1,001-5,000",18993.69877,15419507.5
24,Non-Tribal,85032,10514,"Greater Than 10,000",36916.60748,46164330.58
25,Non-Tribal,85033,3206,"1,001-5,000",21996.43718,22517990.26
26,Non-Tribal,85034,917,"11-1,000",47447.71666,42749840.12
27,Non-Tribal,85035,2585,"1,001-5,000",29527.03451,20062403.29
28,Non-Tribal,85037,3933,"1,001-5,000",33809.00077,29942255.12
29,Non-Tribal,85040,2359,"1,001-5,000",35021.12477,37213563.64
30,Non-Tribal,85041,6012,"5,001-10,000",51289.40512,56943382.96
31,Non-Tribal,85042,5798,"5,001-10,000",53044.04744,80843428.28
32,Non-Tribal,85043,2504,"1,001-5,000",54253.5804,78549862.75
33,Non-Tribal,85044,8671,"5,001-10,000",35469.13508,39282652.75
34,Non-Tribal,85045,2442,"1,001-5,000",73154.33493,62985252.47
35,Non-Tribal,85048,7009,"5,001-10,000",42504.30239,31247910.15
36,Non-Tribal,85050,8045,"5,001-10,000",53676.9899,62791846.74
37,Non-Tribal,85051,4037,"1,001-5,000",22972.40399,23883759.35
38,Non-Tribal,85053,3360,"1,001-5,000",24127.69113,19901343.62
39,Non-Tribal,85054,2186,"1,001-5,000",39114.31248,27371787.47
40,Non-Tribal,85083,3746,"1,001-5,000",34831.39813,37605693.75
41,Non-Tribal,85085,4603,"1,001-5,000",101500.7508,158919085.1
42,Non-Tribal,85086,7817,"5,001-10,000",73280.80029,205444790
43,Non-Tribal,85087,1385,"1,001-5,000",135440.4649,448474346.4
44,Non-Tribal,85118,5737,"5,001-10,000",166248.8442,979682050.7
45,Non-Tribal,85119,4387,"1,001-5,000",73332.72668,187744733.8
46,Non-Tribal,85120,6532,"5,001-10,000",74174.52366,81618152.04
47,Non-Tribal,85121,0,0,73773.91792,370406.8058
48,Non-Tribal,85122,10255,"Greater Than 10,000",86004.26652,188912250.6
49,Non-Tribal,85123,1239,"1,001-5,000",30325.44813,30803217.54
50,Non-Tribal,85128,1668,"1,001-5,000",151603.7928,322826515.6
51,Non-Tribal,85131,2224,"1,001-5,000",305149.7525,1444725711
52,Non-Tribal,85132,4987,"1,001-5,000",416621.1725,3409269548
53,Non-Tribal,85135,120,"11-1,000",32696.82132,57367080.69
54,Non-Tribal,85137,380,"11-1,000",166765.6572,686855947.6
55,Non-Tribal,85138,5709,"5,001-10,000",143372.0488,258758721.9
56,Non-Tribal,85139,1794,"1,001-5,000",364106.5049,1638604934
57,Non-Tribal,85140,4810,"1,001-5,000",69966.93206,267367237.4
58,Non-Tribal,85141,54,"11-1,000",80439.79925,152387845.6
59,Non-Tribal,85142,8957,"5,001-10,000",102244.8509,276056093.4
60,Non-Tribal,85143,4423,"1,001-5,000",96510.12673,222938784
61,Non-Tribal,85145,294,"11-1,000",114630.8132,332849758.7
62,Non-Tribal,85147,0,0,35721.70501,167876.3241
63,Non-Tribal,85172,168,"11-1,000",99879.8023,225014355.6
64,Non-Tribal,85173,629,"11-1,000",204372.9794,927727080.5
65,Non-Tribal,85190,0,0,324426.4705,1492512745
66,Non-Tribal,85191,33,"11-1,000",7085.760681,1582383.973
67,Non-Tribal,85192,273,"11-1,000",335495.1801,1009804089
68,Non-Tribal,85193,388,"11-1,000",380005.4347,848713365.3
69,Non-Tribal,85194,1974,"1,001-5,000",112295.2655,303171976.3
70,Non-Tribal,85201,5314,"5,001-10,000",30633.49181,32936099.84
71,Non-Tribal,85202,5251,"5,001-10,000",27709.65873,25063791.76
72,Non-Tribal,85203,3917,"1,001-5,000",47230.20272,29177711.03
73,Non-Tribal,85204,6246,"5,001-10,000",32883.11466,37881680.11
74,Non-Tribal,85205,8823,"5,001-10,000",30267.22139,36504562.91
75,Non-Tribal,85206,9749,"5,001-10,000",32344.49689,36057877.95
76,Non-Tribal,85207,9562,"5,001-10,000",69349.4251,165147718.1
77,Non-Tribal,85208,6283,"5,001-10,000",38086.08964,29040586.86
78,Non-Tribal,85209,10818,"Greater Than 10,000",41566.07086,41174081.1
79,Non-Tribal,85210,3713,"1,001-5,000",30398.32736,24638774.08
80,Non-Tribal,85212,6880,"5,001-10,000",64447.57383,116893180.9
81,Non-Tribal,85213,5329,"5,001-10,000",38032.98728,34311750.29
82,Non-Tribal,85215,4772,"1,001-5,000",207781.4708,295476587
83,Non-Tribal,85224,7933,"5,001-10,000",27930.39335,34332276.34
84,Non-Tribal,85225,9139,"5,001-10,000",37321.29232,47807680.82
85,Non-Tribal,85226,7554,"5,001-10,000",52697.88238,39935000.72
86,Non-Tribal,85233,6596,"5,001-10,000",33392.50219,36827881.22
87,Non-Tribal,85234,7962,"5,001-10,000",37088.14193,45047956.38
88,Non-Tribal,85248,14061,"Greater Than 10,000",31787.17016,47475348.59
89,Non-Tribal,85249,10081,"Greater Than 10,000",36450.94956,53248419.92
90,Non-Tribal,85250,4965,"1,001-5,000",23441.42301,14963440.82
91,Non-Tribal,85251,8948,"5,001-10,000",30692.62243,26629274.27
92,Non-Tribal,85253,7393,"5,001-10,000",52477.91521,67655917.09
93,Non-Tribal,85254,12718,"Greater Than 10,000",35913.63196,50413966.68
94,Non-Tribal,85255,16723,"Greater Than 10,000",120849.4895,294880455.3
95,Non-Tribal,85256,0,0,44821.94871,1279585.026
96,Non-Tribal,85257,6210,"5,001-10,000",27859.20893,20947534.15
97,Non-Tribal,85258,9994,"5,001-10,000",31035.17829,31427166.23
98,Non-Tribal,85259,7738,"5,001-10,000",56137.86976,84533344.01
99,Non-Tribal,85260,11187,"Greater Than 10,000",36976.73303,56548814.62
100,Non-Tribal,85262,5698,"5,001-10,000",255009.7137,854667891.7
101,Non-Tribal,85263,2166,"1,001-5,000",43915.67028,69072450.15
102,Non-Tribal,85264,75,"11-1,000",125948.8151,139063417.8
103,Non-Tribal,85266,5252,"5,001-10,000",58600.60951,71656695.32
104,Non-Tribal,85268,8589,"5,001-10,000",41065.4836,83406559.27
105,Non-Tribal,85281,7614,"5,001-10,000",62386.47477,47467771.01
106,Non-Tribal,85282,9582,"5,001-10,000",36435.26107,41665286.31
107,Non-Tribal,85283,7588,"5,001-10,000",35963.49937,31790919.41
108,Non-Tribal,85284,5631,"5,001-10,000",37400.57491,29820147.38
109,Non-Tribal,85286,7949,"5,001-10,000",47546.23565,57436276.67
110,Non-Tribal,85287,20,"11-1,000",4059.210117,394999.9852
111,Non-Tribal,85295,6687,"5,001-10,000",39592.26441,45228459.25
112,Non-Tribal,85296,7001,"5,001-10,000",35664.07645,44049458.04
113,Non-Tribal,85297,4933,"1,001-5,000",36796.40433,41945569.45
114,Non-Tribal,85298,7834,"5,001-10,000",42233.7391,57558925.69
115,Non-Tribal,85301,3891,"1,001-5,000",30126.24928,34268060.52
116,Non-Tribal,85302,5281,"5,001-10,000",22142.99852,22201384.87
117,Non-Tribal,85303,3149,"1,001-5,000",22959.8139,22682491.99
118,Non-Tribal,85304,4460,"1,001-5,000",23221.94284,21166360.28
119,Non-Tribal,85305,2138,"1,001-5,000",29299.87205,26290111.36
120,Non-Tribal,85306,3318,"1,001-5,000",27441.32935,21898011.95
121,Non-Tribal,85307,958,"11-1,000",47145.50623,30951883.75
122,Non-Tribal,85308,13094,"Greater Than 10,000",71368.83598,63316556.03
123,Non-Tribal,85309,1-10,1-10,21624.6894,15374648.13
124,Non-Tribal,85310,3793,"1,001-5,000",33518.36295,33312616.38
125,Non-Tribal,85320,78,"11-1,000",148347.798,1066850552
126,Non-Tribal,85321,1053,"1,001-5,000",236040.0584,2465079071
127,Non-Tribal,85322,69,"11-1,000",217090.2161,730646430.7
128,Non-Tribal,85323,3643,"1,001-5,000",93596.58955,59037121.44
129,Non-Tribal,85324,264,"11-1,000",349648.6331,1984704317
130,Non-Tribal,85325,1-10,1-10,4089.421444,608090.8053
131,Non-Tribal,85326,6284,"5,001-10,000",358300.3522,1651006942
132,Non-Tribal,85328,1-10,1-10,215635.0752,390055153.3
133,Non-Tribal,85329,182,"11-1,000",6298.306443,934813.4855
134,Non-Tribal,85331,8168,"5,001-10,000",224593.0678,746659616
135,Non-Tribal,85332,365,"11-1,000",272302.3802,2749733550
136,Non-Tribal,85333,49,"11-1,000",421272.0702,2953158168
137,Non-Tribal,85334,54,"11-1,000",35554.51406,30584809.07
138,Non-Tribal,85335,3402,"1,001-5,000",33680.99983,38908204.74
139,Non-Tribal,85336,603,"11-1,000",41752.45203,8122054.61
140,Non-Tribal,85337,371,"11-1,000",610283.588,7506463630
141,Non-Tribal,85338,9826,"5,001-10,000",354541.4407,665410259
142,Non-Tribal,85339,5561,"5,001-10,000",134572.7247,157463260.4
143,Non-Tribal,85340,6035,"5,001-10,000",101687.0469,93319507.65
144,Non-Tribal,85341,58,"11-1,000",291921.9291,3102486068
145,Non-Tribal,85342,208,"11-1,000",370603.4615,1609802476
146,Non-Tribal,85343,25,"11-1,000",15232.81339,10174845.85
147,Non-Tribal,85344,1252,"1,001-5,000",706370.5313,6676863873
148,Non-Tribal,85345,7680,"5,001-10,000",49713.49747,50862368.12
149,Non-Tribal,85346,744,"11-1,000",104707.192,300783733.5
150,Non-Tribal,85347,39,"11-1,000",827042.3761,10199310317
151,Non-Tribal,85348,788,"11-1,000",539910.9829,6717978009
152,Non-Tribal,85349,715,"11-1,000",125026.2444,91822292.06
153,Non-Tribal,85350,4925,"1,001-5,000",172847.6334,282800838.1
154,Non-Tribal,85351,13904,"Greater Than 10,000",31947.95799,40654364.98
155,Non-Tribal,85352,39,"11-1,000",3971.586604,563620.5136
156,Non-Tribal,85353,3382,"1,001-5,000",53487.59212,79202088.31
157,Non-Tribal,85354,462,"11-1,000",368592.4042,3842811712
158,Non-Tribal,85355,1690,"1,001-5,000",96652.28392,220662836.3
159,Non-Tribal,85356,650,"11-1,000",801648.8635,6942361065
160,Non-Tribal,85357,0,0,15036.11162,3507033.024
161,Non-Tribal,85360,1-10,1-10,46099.40198,68245494.02
162,Non-Tribal,85361,645,"11-1,000",241626.9884,750905796.9
163,Non-Tribal,85362,99,"11-1,000",69582.01065,282653544.8
164,Non-Tribal,85363,996,"11-1,000",14376.1238,5967229.947
165,Non-Tribal,85364,9868,"5,001-10,000",60903.4378,107957227.2
166,Non-Tribal,85365,7652,"5,001-10,000",579113.9553,1774563345
167,Non-Tribal,85367,5097,"5,001-10,000",74516.06246,202271913
168,Non-Tribal,85373,6857,"5,001-10,000",56207.19939,38496688.69
169,Non-Tribal,85374,15281,"Greater Than 10,000",52044.62749,55529295.61
170,Non-Tribal,85375,17305,"Greater Than 10,000",31704.08671,48120927.45
171,Non-Tribal,85377,1685,"1,001-5,000",35965.24289,29889036.93
172,Non-Tribal,85378,1932,"1,001-5,000",41243.76546,16395931.09
173,Non-Tribal,85379,6353,"5,001-10,000",27203.61411,43569979.27
174,Non-Tribal,85381,5444,"5,001-10,000",33601.22188,24040573.49
175,Non-Tribal,85382,10283,"Greater Than 10,000",56886.24219,36715288.21
176,Non-Tribal,85383,14328,"Greater Than 10,000",279386.689,531292930.9
177,Non-Tribal,85387,5401,"5,001-10,000",184900.714,337335004.1
178,Non-Tribal,85388,4198,"1,001-5,000",45950.0889,73180673.11
179,Non-Tribal,85390,2242,"1,001-5,000",315767.8862,2675935848
180,Non-Tribal,85392,4920,"1,001-5,000",44208.64866,37485275.94
181,Non-Tribal,85395,10656,"Greater Than 10,000",43119.03462,71433564.36
182,Non-Tribal,85396,7341,"5,001-10,000",183833.4443,695703521.1
183,Non-Tribal,85501,3006,"1,001-5,000",365664.1851,1831797047
184,Non-Tribal,85530,0,0,37202.53387,23540840.65
185,Non-Tribal,85531,67,"11-1,000",5623.558296,1757454.527
186,Non-Tribal,85532,14,"11-1,000",3825.834821,610140.0898
187,Non-Tribal,85533,907,"11-1,000",517985.4467,4911307606
188,Non-Tribal,85534,661,"11-1,000",197849.3169,1286720975
189,Non-Tribal,85536,63,"11-1,000",209893.3014,800735477.1
190,Non-Tribal,85539,1167,"1,001-5,000",168075.1886,594493231.1
191,Non-Tribal,85540,919,"11-1,000",27147.31227,28092959.45
192,Non-Tribal,85541,6845,"5,001-10,000",1053469.271,5753311331
193,Non-Tribal,85542,0,0,75816.67926,2774646.157
194,Non-Tribal,85543,543,"11-1,000",451100.1398,1334282184
195,Non-Tribal,85544,1007,"1,001-5,000",221681.1473,400056378.8
196,Non-Tribal,85545,199,"11-1,000",470336.8549,1608039572
197,Non-Tribal,85546,2721,"1,001-5,000",448500.2767,4687032531
198,Non-Tribal,85550,0,0,139436.2943,2772452.464
199,Non-Tribal,85552,1117,"1,001-5,000",69590.21378,137618806.6
200,Non-Tribal,85553,454,"11-1,000",162212.2834,569080817.6
201,Non-Tribal,85554,91,"11-1,000",402537.1903,664259011.1
202,Non-Tribal,85601,125,"11-1,000",212491.036,598531955.3
203,Non-Tribal,85602,1951,"1,001-5,000",403398.5665,3175901123
204,Non-Tribal,85603,2002,"1,001-5,000",165599.1572,794096227.2
205,Non-Tribal,85605,102,"11-1,000",210949.5218,1305385813
206,Non-Tribal,85606,122,"11-1,000",151685.8081,694525436.9
207,Non-Tribal,85607,4190,"1,001-5,000",348498.2206,3107185793
208,Non-Tribal,85609,50,"11-1,000",118598.4586,300639620.2
209,Non-Tribal,85610,166,"11-1,000",297006.0375,1512462524
210,Non-Tribal,85611,166,"11-1,000",242170.7223,813576135.3
211,Non-Tribal,85613,188,"11-1,000",57503.39446,125480374.5
212,Non-Tribal,85614,11275,"Greater Than 10,000",149892.931,175232474.5
213,Non-Tribal,85615,1632,"1,001-5,000",202014.712,745632158.3
214,Non-Tribal,85616,597,"11-1,000",174366.8365,689893790.3
215,Non-Tribal,85617,184,"11-1,000",134601.6516,635670188.2
216,Non-Tribal,85618,267,"11-1,000",106741.3922,260106758.9
217,Non-Tribal,85619,15,"11-1,000",141367.9278,593493258.8
218,Non-Tribal,85620,193,"11-1,000",9022.974531,3237612.953
219,Non-Tribal,85621,5136,"5,001-10,000",235926.2716,1248892698
220,Non-Tribal,85622,3644,"1,001-5,000",64798.24301,127083249
221,Non-Tribal,85623,1790,"1,001-5,000",164729.843,727808627.2
222,Non-Tribal,85624,378,"11-1,000",257173.1034,1153457700
223,Non-Tribal,85625,366,"11-1,000",275757.6818,1189698361
224,Non-Tribal,85626,211,"11-1,000",10500.05341,3408437.922
225,Non-Tribal,85629,4209,"1,001-5,000",296732.2692,1142344428
226,Non-Tribal,85630,332,"11-1,000",205375.3448,769426925.1
227,Non-Tribal,85631,485,"11-1,000",336664.5801,1827915801
228,Non-Tribal,85632,128,"11-1,000",446573.5064,2598017390
229,Non-Tribal,85633,1-10,1-10,33403.36185,23895528.42
230,Non-Tribal,85634,0,0,352089.2402,34667771.72
231,Non-Tribal,85635,4906,"1,001-5,000",148050.3052,441342353.7
232,Non-Tribal,85637,315,"11-1,000",226069.9331,756854677.8
233,Non-Tribal,85638,312,"11-1,000",178335.8531,847761023.6
234,Non-Tribal,85639,0,0,98402.49152,3322437.775
235,Non-Tribal,85640,12,"11-1,000",8142.011652,1421749.413
236,Non-Tribal,85641,4225,"1,001-5,000",327721.9958,1414643278
237,Non-Tribal,85643,1089,"1,001-5,000",763245.3484,7803209331
238,Non-Tribal,85645,458,"11-1,000",252077.0251,851165109.1
239,Non-Tribal,85646,817,"11-1,000",83654.67585,126494928.7
240,Non-Tribal,85648,4439,"1,001-5,000",170694.3291,642467113.4
241,Non-Tribal,85650,3223,"1,001-5,000",83978.77067,186458226.9
242,Non-Tribal,85653,2157,"1,001-5,000",290912.8547,1568256745
243,Non-Tribal,85658,4599,"1,001-5,000",164681.9344,625966071.3
244,Non-Tribal,85701,1443,"1,001-5,000",10971.23595,4967268.013
245,Non-Tribal,85704,9132,"5,001-10,000",53929.82148,68235918.16
246,Non-Tribal,85705,6059,"5,001-10,000",43164.95768,49598892.51
247,Non-Tribal,85706,4973,"1,001-5,000",48577.97524,46293813.92
248,Non-Tribal,85707,1340,"1,001-5,000",56071.0643,56066035.85
249,Non-Tribal,85708,86,"11-1,000",7820.850778,2653284.898
250,Non-Tribal,85710,10078,"Greater Than 10,000",33767.12879,43807421.31
251,Non-Tribal,85711,6575,"5,001-10,000",26284.11039,32000839.21
252,Non-Tribal,85712,7371,"5,001-10,000",24915.55833,25163935.54
253,Non-Tribal,85713,6639,"5,001-10,000",74383.01291,75532077.91
254,Non-Tribal,85714,1595,"1,001-5,000",38214.43117,20187377.24
255,Non-Tribal,85715,5291,"5,001-10,000",30953.74512,22840453.34
256,Non-Tribal,85716,6784,"5,001-10,000",29398.32996,25486719
257,Non-Tribal,85718,11449,"Greater Than 10,000",58839.28362,137794130.2
258,Non-Tribal,85719,8350,"5,001-10,000",33994.53196,29170902.79
259,Non-Tribal,85730,5156,"5,001-10,000",59789.96587,96965362.53
260,Non-Tribal,85735,1456,"1,001-5,000",193163.7309,645378501.7
261,Non-Tribal,85736,345,"11-1,000",404907.1441,2371438398
262,Non-Tribal,85737,6357,"5,001-10,000",44012.81037,46451978.37
263,Non-Tribal,85739,6988,"5,001-10,000",132725.6185,352684304.6
264,Non-Tribal,85741,6115,"5,001-10,000",33412.85437,33712689.04
265,Non-Tribal,85742,5581,"5,001-10,000",104015.5795,113786972.3
266,Non-Tribal,85743,5759,"5,001-10,000",129943.7045,375176806.2
267,Non-Tribal,85745,8411,"5,001-10,000",78731.07011,198452148.9
268,Non-Tribal,85746,5737,"5,001-10,000",84523.161,70845080.67
269,Non-Tribal,85747,4094,"1,001-5,000",138033.3572,241343180.5
270,Non-Tribal,85748,4074,"1,001-5,000",46942.16975,60602079.56
271,Non-Tribal,85749,5272,"5,001-10,000",77867.77578,257880402
272,Non-Tribal,85750,9413,"5,001-10,000",54987.00431,162816717.9
273,Non-Tribal,85755,6577,"5,001-10,000",56561.50218,112764114.4
274,Non-Tribal,85756,4169,"1,001-5,000",105320.1945,289126889.7
275,Non-Tribal,85757,2323,"1,001-5,000",67439.29363,80088749.49
276,Non-Tribal,85901,3223,"1,001-5,000",600172.8072,2171847988
277,Non-Tribal,85911,0,0,83270.03946,4906869.957
278,Non-Tribal,85920,198,"11-1,000",140578.4927,310992324.1
279,Non-Tribal,85922,1-10,1-10,136205.7582,591549060.8
280,Non-Tribal,85923,43,"11-1,000",30603.72769,23340906.31
281,Non-Tribal,85924,276,"11-1,000",350863.8207,1791467968
282,Non-Tribal,85925,752,"11-1,000",370175.2978,2002027022
283,Non-Tribal,85927,76,"11-1,000",58656.79466,70046152.29
284,Non-Tribal,85928,67,"11-1,000",256107.4339,947535952.1
285,Non-Tribal,85929,1433,"1,001-5,000",112393.4258,192399404.4
286,Non-Tribal,85931,23,"11-1,000",227325.2293,918937008.7
287,Non-Tribal,85932,15,"11-1,000",8837.424212,4417919.349
288,Non-Tribal,85933,751,"11-1,000",235470.4826,1019100974
289,Non-Tribal,85934,96,"11-1,000",14123.07363,7093568.017
290,Non-Tribal,85935,939,"11-1,000",55032.02093,68358333.64
291,Non-Tribal,85936,411,"11-1,000",358487.4129,3107479202
292,Non-Tribal,85937,839,"11-1,000",285310.5874,1567897452
293,Non-Tribal,85938,441,"11-1,000",371926.0814,2231352197
294,Non-Tribal,85939,360,"11-1,000",128491.9353,207885425.5
295,Non-Tribal,85940,259,"11-1,000",10892.32871,4880770.008
296,Non-Tribal,85942,13,"11-1,000",25201.88502,35561417.32
297,Non-Tribal,86001,9092,"5,001-10,000",298599.9942,2476739973
298,Non-Tribal,86004,11375,"Greater Than 10,000",380948.3836,3502783766
299,Non-Tribal,86005,4728,"1,001-5,000",154564.8005,422812767.1
300,Non-Tribal,86015,260,"11-1,000",60766.88619,96402833.83
301,Non-Tribal,86016,1-10,1-10,163808.9741,556563511.8
302,Non-Tribal,86017,286,"11-1,000",157431.8564,726323161.5
303,Non-Tribal,86018,236,"11-1,000",249044.5311,958081724.2
304,Non-Tribal,86020,0,0,218800.3817,73997795.11
305,Non-Tribal,86021,91,"11-1,000",478084.2382,6734811325
306,Non-Tribal,86022,231,"11-1,000",612980.6538,3038022108
307,Non-Tribal,86023,756,"11-1,000",375096.7695,4252339221
308,Non-Tribal,86024,254,"11-1,000",581727.544,5846184625
309,Non-Tribal,86025,739,"11-1,000",419291.4005,2336161597
310,Non-Tribal,86029,53,"11-1,000",174484.3312,518432581
311,Non-Tribal,86032,172,"11-1,000",101173.8896,238113641.3
312,Non-Tribal,86033,0,0,19468.2193,57640.08774
313,Non-Tribal,86035,0,0,74173.73405,1235879.515
314,Non-Tribal,86036,1-10,1-10,323974.3674,2870293645
315,Non-Tribal,86038,19,"11-1,000",151462.2294,356187188.2
316,Non-Tribal,86040,3017,"1,001-5,000",373496.2305,558566840.8
317,Non-Tribal,86042,0,0,1010.965461,61621.99513
318,Non-Tribal,86043,0,0,2100.452128,275554.1588
319,Non-Tribal,86044,0,0,168913.8841,3081507.314
320,Non-Tribal,86045,0,0,24370.49842,4811612.869
321,Non-Tribal,86046,909,"11-1,000",597636.4862,10491255432
322,Non-Tribal,86047,2114,"1,001-5,000",566266.0466,4909790701
323,Non-Tribal,86052,1-10,1-10,723397.4946,6089946660
324,Non-Tribal,86054,0,0,13130.96372,42793.2526
325,Non-Tribal,86301,8186,"5,001-10,000",694737.322,3546175759
326,Non-Tribal,86303,5521,"5,001-10,000",149616.6484,782406381
327,Non-Tribal,86305,6206,"5,001-10,000",188219.8128,927328765.5
328,Non-Tribal,86314,6271,"5,001-10,000",67322.6723,126923114.7
329,Non-Tribal,86315,2314,"1,001-5,000",82995.4674,177787930.7
330,Non-Tribal,86320,158,"11-1,000",218372.0828,1052583836
331,Non-Tribal,86321,325,"11-1,000",151714.4829,901548067.8
332,Non-Tribal,86322,1532,"1,001-5,000",170514.9808,544300005
333,Non-Tribal,86323,2441,"1,001-5,000",194644.4149,584584699.7
334,Non-Tribal,86324,1229,"1,001-5,000",195360.5311,405293201.8
335,Non-Tribal,86325,1255,"1,001-5,000",88494.65764,294477681.5
336,Non-Tribal,86326,4297,"1,001-5,000",175945.0521,589800415.3
337,Non-Tribal,86327,2653,"1,001-5,000",150633.6022,498500944.6
338,Non-Tribal,86329,137,"11-1,000",2604.827009,410081.6245
339,Non-Tribal,86331,118,"11-1,000",151982.3488,465366522.6
340,Non-Tribal,86332,214,"11-1,000",249175.2614,1615262339
341,Non-Tribal,86333,607,"11-1,000",351740.7391,2361189628
342,Non-Tribal,86334,403,"11-1,000",225630.1575,988907918.6
343,Non-Tribal,86335,556,"11-1,000",74084.61876,154015431.4
344,Non-Tribal,86336,3459,"1,001-5,000",492349.9744,2317064747
345,Non-Tribal,86337,91,"11-1,000",408511.1543,5130389230
346,Non-Tribal,86338,91,"11-1,000",261461.126,778351461.1
347,Non-Tribal,86343,18,"11-1,000",242929.7357,1008328074
348,Non-Tribal,86351,2343,"1,001-5,000",57062.59553,124915609.8
349,Non-Tribal,86401,3088,"1,001-5,000",862878.6732,6281390636
350,Non-Tribal,86403,2128,"1,001-5,000",52140.26793,37829389.51
351,Non-Tribal,86404,2296,"1,001-5,000",295296.2134,1554964853
352,Non-Tribal,86406,3205,"1,001-5,000",671599.2701,7403985439
353,Non-Tribal,86409,2426,"1,001-5,000",143900.987,565092032.9
354,Non-Tribal,86411,1-10,1-10,125249.9238,363591905
355,Non-Tribal,86413,692,"11-1,000",508463.9102,3593775106
356,Non-Tribal,86426,1567,"1,001-5,000",77953.30134,171927004.6
357,Non-Tribal,86429,841,"11-1,000",76121.95027,113287072.2
358,Non-Tribal,86432,232,"11-1,000",654304.0533,11983831078
359,Non-Tribal,86433,1-10,1-10,63445.67474,93827805.49
360,Non-Tribal,86434,1-10,1-10,478436.6229,823229866.3
361,Non-Tribal,86435,0,0,472183.539,664145422.6
362,Non-Tribal,86436,144,"11-1,000",176161.4275,767217867.7
363,Non-Tribal,86437,1-10,1-10,120562.4892,292794245.9
364,Non-Tribal,86438,60,"11-1,000",188859.3938,1087150822
365,Non-Tribal,86440,578,"11-1,000",343612.7276,416840656.3
366,Non-Tribal,86441,62,"11-1,000",173006.9232,915498612.2
367,Non-Tribal,86442,3251,"1,001-5,000",81924.84621,176958122.7
368,Non-Tribal,86443,1-10,1-10,420921.6494,869646591.9
369,Non-Tribal,86444,154,"11-1,000",334194.5741,1772193632
370,Non-Tribal,86445,18,"11-1,000",397622.6492,2202367396
371,Non-Tribal,86502,191,"11-1,000",702321.5587,3652756635
372,Non-Tribal,86503,0,0,49483.6871,314210.879
373,Non-Tribal,86505,47,"11-1,000",182087.9479,27413578.58
374,Non-Tribal,86507,0,0,15382.46655,16764.0516
375,Non-Tribal,86511,0,0,34978.07333,7082984.784
376,Non-Tribal,86514,0,0,153515.0812,414817.0497
377,Non-Tribal,86515,0,0,34801.65503,701596.8886
378,Tribal,85045 Tribal,Data Suppressed,Data Suppressed,19984.64669,60350.36074
379,Tribal,85048 Tribal,Data Suppressed,Data Suppressed,3889.617095,10635.48498
380,Tribal,85121 Tribal,Data Suppressed,Data Suppressed,185124.9415,600768270.1
381,Tribal,85122 Tribal,Data Suppressed,Data Suppressed,6578.336781,1126958.203
382,Tribal,85128 Tribal,Data Suppressed,Data Suppressed,94687.30354,176068428.9
383,Tribal,85131 Tribal,Data Suppressed,Data Suppressed,36769.24247,307066.782
384,Tribal,85132 Tribal,Data Suppressed,Data Suppressed,32341.24617,19446010.35
385,Tribal,85138 Tribal,Data Suppressed,Data Suppressed,175187.3206,296766064.6
386,Tribal,85139 Tribal,Data Suppressed,Data Suppressed,67688.00063,66093845.27
387,Tribal,85142 Tribal,Data Suppressed,Data Suppressed,57021.88986,85305701.08
388,Tribal,85143 Tribal,Data Suppressed,Data Suppressed,27934.19086,29599084.53
389,Tribal,85147 Tribal,Data Suppressed,Data Suppressed,131898.9668,450474951.2
390,Tribal,85172 Tribal,Data Suppressed,Data Suppressed,14000.48851,1537.295337
391,Tribal,85192 Tribal,Data Suppressed,Data Suppressed,269136.6919,751018188.7
392,Tribal,85193 Tribal,Data Suppressed,Data Suppressed,228039.9354,1522587590
393,Tribal,85194 Tribal,Data Suppressed,Data Suppressed,17870.27445,146093.983
394,Tribal,85201 Tribal,Data Suppressed,Data Suppressed,3657.71669,343390.5039
395,Tribal,85203 Tribal,Data Suppressed,Data Suppressed,33244.32463,10116957.25
396,Tribal,85213 Tribal,Data Suppressed,Data Suppressed,1320.375141,15476.40758
397,Tribal,85215 Tribal,Data Suppressed,Data Suppressed,19051.62266,3248637.031
398,Tribal,85226 Tribal,Data Suppressed,Data Suppressed,52180.66665,143261528.5
399,Tribal,85248 Tribal,Data Suppressed,Data Suppressed,13788.2289,5885868.623
400,Tribal,85249 Tribal,Data Suppressed,Data Suppressed,1330.715112,792.3499802
401,Tribal,85250 Tribal,Data Suppressed,Data Suppressed,11132.10004,1621410.796
402,Tribal,85251 Tribal,Data Suppressed,Data Suppressed,9431.335393,1380684.882
403,Tribal,85255 Tribal,Data Suppressed,Data Suppressed,9980.40382,27240.01091
404,Tribal,85256 Tribal,Data Suppressed,Data Suppressed,140945.1334,268573959
405,Tribal,85257 Tribal,Data Suppressed,Data Suppressed,12698.86037,1680513.926
406,Tribal,85258 Tribal,Data Suppressed,Data Suppressed,13218.51343,4332244.723
407,Tribal,85259 Tribal,Data Suppressed,Data Suppressed,12267.33546,46976.44931
408,Tribal,85264 Tribal,Data Suppressed,Data Suppressed,114697.6016,152790988.7
409,Tribal,85268 Tribal,Data Suppressed,Data Suppressed,6759.469527,33577.86373
410,Tribal,85281 Tribal,Data Suppressed,Data Suppressed,5239.587731,1315477.406
411,Tribal,85286 Tribal,Data Suppressed,Data Suppressed,6613.623947,37820.30674
412,Tribal,85298 Tribal,Data Suppressed,Data Suppressed,3663.49814,19334.13048
413,Tribal,85321 Tribal,Data Suppressed,Data Suppressed,109600.7256,125449660.5
414,Tribal,85322 Tribal,Data Suppressed,Data Suppressed,8345.76391,825662.1413
415,Tribal,85323 Tribal,Data Suppressed,Data Suppressed,440.4738581,5191.890486
416,Tribal,85326 Tribal,Data Suppressed,Data Suppressed,347.2401964,86.42286224
417,Tribal,85328 Tribal,Data Suppressed,Data Suppressed,58257.51748,76889172.69
418,Tribal,85337 Tribal,Data Suppressed,Data Suppressed,125513.3222,546439784.9
419,Tribal,85338 Tribal,Data Suppressed,Data Suppressed,8775.676723,2604.110932
420,Tribal,85339 Tribal,Data Suppressed,Data Suppressed,132196.3683,408395642
421,Tribal,85341 Tribal,Data Suppressed,Data Suppressed,101364.5945,50519741.42
422,Tribal,85344 Tribal,Data Suppressed,Data Suppressed,245756.7073,1365996379
423,Tribal,85350 Tribal,Data Suppressed,Data Suppressed,62567.85021,31407340.15
424,Tribal,85353 Tribal,Data Suppressed,Data Suppressed,3397.519064,33433.42897
425,Tribal,85364 Tribal,Data Suppressed,Data Suppressed,12358.8956,3619427.803
426,Tribal,85365 Tribal,Data Suppressed,Data Suppressed,38464.0616,5284082.588
427,Tribal,85501 Tribal,Data Suppressed,Data Suppressed,282062.1935,1473467480
428,Tribal,85530 Tribal,Data Suppressed,Data Suppressed,78313.103,263319689.5
429,Tribal,85533 Tribal,Data Suppressed,Data Suppressed,128126.48,1954245.91
430,Tribal,85536 Tribal,Data Suppressed,Data Suppressed,233696.576,178521476.7
431,Tribal,85541 Tribal,Data Suppressed,Data Suppressed,107373.1323,92242951.03
432,Tribal,85542 Tribal,Data Suppressed,Data Suppressed,626808.5282,4842393817
433,Tribal,85543 Tribal,Data Suppressed,Data Suppressed,236078.4392,970279902.4
434,Tribal,85545 Tribal,Data Suppressed,Data Suppressed,11076.09295,54996.24609
435,Tribal,85546 Tribal,Data Suppressed,Data Suppressed,38313.73954,6449.138063
436,Tribal,85550 Tribal,Data Suppressed,Data Suppressed,483416.0988,5308493054
437,Tribal,85629 Tribal,Data Suppressed,Data Suppressed,49456.51307,38337982.52
438,Tribal,85633 Tribal,Data Suppressed,Data Suppressed,282.3041635,3603.299856
439,Tribal,85634 Tribal,Data Suppressed,Data Suppressed,687457.8928,11156029384
440,Tribal,85639 Tribal,Data Suppressed,Data Suppressed,198135.9571,1176320057
441,Tribal,85643 Tribal,Data Suppressed,Data Suppressed,12044.50939,2742.0884
442,Tribal,85653 Tribal,Data Suppressed,Data Suppressed,225226.9289,730737333.5
443,Tribal,85735 Tribal,Data Suppressed,Data Suppressed,169031.5865,284215238.7
444,Tribal,85736 Tribal,Data Suppressed,Data Suppressed,199157.5467,186559850.9
445,Tribal,85743 Tribal,Data Suppressed,Data Suppressed,3764.503745,1910.551393
446,Tribal,85746 Tribal,Data Suppressed,Data Suppressed,85282.2987,186810574.3
447,Tribal,85756 Tribal,Data Suppressed,Data Suppressed,39214.62159,25921205.2
448,Tribal,85757 Tribal,Data Suppressed,Data Suppressed,62636.82789,75560380.73
449,Tribal,85901 Tribal,Data Suppressed,Data Suppressed,523695.7376,4535478502
450,Tribal,85911 Tribal,Data Suppressed,Data Suppressed,193947.6689,2036780847
451,Tribal,85924 Tribal,Data Suppressed,Data Suppressed,73794.72132,77502479.54
452,Tribal,85925 Tribal,Data Suppressed,Data Suppressed,100330.7556,112369724.5
453,Tribal,85926 Tribal,Data Suppressed,Data Suppressed,9099.802506,4256771.513
454,Tribal,85928 Tribal,Data Suppressed,Data Suppressed,12765.31179,1052689.796
455,Tribal,85929 Tribal,Data Suppressed,Data Suppressed,52063.73481,48184274.02
456,Tribal,85930 Tribal,Data Suppressed,Data Suppressed,5185.744592,884624.1711
457,Tribal,85931 Tribal,Data Suppressed,Data Suppressed,4897.584208,35419.82841
458,Tribal,85933 Tribal,Data Suppressed,Data Suppressed,17155.0095,291344.2276
459,Tribal,85935 Tribal,Data Suppressed,Data Suppressed,22052.39783,4715673.782
460,Tribal,85938 Tribal,Data Suppressed,Data Suppressed,44381.64927,15832429.99
461,Tribal,85941 Tribal,Data Suppressed,Data Suppressed,35840.91704,52802744.15
462,Tribal,86001 Tribal,Data Suppressed,Data Suppressed,17395.06868,1997.057737
463,Tribal,86004 Tribal,Data Suppressed,Data Suppressed,136785.5855,252314821.5
464,Tribal,86016 Tribal,Data Suppressed,Data Suppressed,166511.6716,238622077.7
465,Tribal,86020 Tribal,Data Suppressed,Data Suppressed,885530.9132,5340420977
466,Tribal,86021 Tribal,Data Suppressed,Data Suppressed,3747.20335,496.0242602
467,Tribal,86022 Tribal,Data Suppressed,Data Suppressed,137918.1317,766258629.1
468,Tribal,86023 Tribal,Data Suppressed,Data Suppressed,109535.7793,52156302.03
469,Tribal,86025 Tribal,Data Suppressed,Data Suppressed,73.73922055,150.6091855
470,Tribal,86030 Tribal,Data Suppressed,Data Suppressed,204794.8559,822067209.2
471,Tribal,86033 Tribal,Data Suppressed,Data Suppressed,392425.0504,3897223506
472,Tribal,86034 Tribal,Data Suppressed,Data Suppressed,390497.549,2995503878
473,Tribal,86035 Tribal,Data Suppressed,Data Suppressed,341230.4258,3268299625
474,Tribal,86036 Tribal,Data Suppressed,Data Suppressed,94236.94236,155041275.4
475,Tribal,86040 Tribal,Data Suppressed,Data Suppressed,316240.254,2421468815
476,Tribal,86042 Tribal,Data Suppressed,Data Suppressed,203452.7645,866424022.9
477,Tribal,86043 Tribal,Data Suppressed,Data Suppressed,118380.7299,668647650.8
478,Tribal,86044 Tribal,Data Suppressed,Data Suppressed,507524.1602,3701541513
479,Tribal,86045 Tribal,Data Suppressed,Data Suppressed,420363.7037,5637451286
480,Tribal,86046 Tribal,Data Suppressed,Data Suppressed,27091.35459,111282.8494
481,Tribal,86047 Tribal,Data Suppressed,Data Suppressed,512311.3314,6343659711
482,Tribal,86052 Tribal,Data Suppressed,Data Suppressed,69121.3727,1564517.483
483,Tribal,86053 Tribal,Data Suppressed,Data Suppressed,246924.7083,2398514591
484,Tribal,86054 Tribal,Data Suppressed,Data Suppressed,240036.832,2529282680
485,Tribal,86301 Tribal,Data Suppressed,Data Suppressed,16872.84702,1487817.349
486,Tribal,86303 Tribal,Data Suppressed,Data Suppressed,18113.95113,6803312.413
487,Tribal,86322 Tribal,Data Suppressed,Data Suppressed,30640.21195,10085874.21
488,Tribal,86324 Tribal,Data Suppressed,Data Suppressed,5732.481932,503115.1045
489,Tribal,86331 Tribal,Data Suppressed,Data Suppressed,361.3892834,1814.252854
490,Tribal,86335 Tribal,Data Suppressed,Data Suppressed,390.526942,6695.79912
491,Tribal,86337 Tribal,Data Suppressed,Data Suppressed,11194.19156,5039460.425
492,Tribal,86401 Tribal,Data Suppressed,Data Suppressed,154392.8223,364698143.5
493,Tribal,86406 Tribal,Data Suppressed,Data Suppressed,19551.65224,3650066.059
494,Tribal,86426 Tribal,Data Suppressed,Data Suppressed,42653.59101,34356850.14
495,Tribal,86432 Tribal,Data Suppressed,Data Suppressed,381.080947,398.3969582
496,Tribal,86434 Tribal,Data Suppressed,Data Suppressed,518917.7015,5492161391
497,Tribal,86435 Tribal,Data Suppressed,Data Suppressed,301318.4138,1080971836
498,Tribal,86436 Tribal,Data Suppressed,Data Suppressed,24373.71724,3524828.357
499,Tribal,86437 Tribal,Data Suppressed,Data Suppressed,55388.2561,7682730.112
500,Tribal,86440 Tribal,Data Suppressed,Data Suppressed,210625.5522,100803042.3
501,Tribal,86442 Tribal,Data Suppressed,Data Suppressed,1435.014601,13188.4999
502,Tribal,86444 Tribal,Data Suppressed,Data Suppressed,127205.5519,438790585.8
503,Tribal,86502 Tribal,Data Suppressed,Data Suppressed,548606.2513,2508913698
504,Tribal,86503 Tribal,Data Suppressed,Data Suppressed,487540.8496,5107332424
505,Tribal,86505 Tribal,Data Suppressed,Data Suppressed,793314.9432,8247948588
506,Tribal,86507 Tribal,Data Suppressed,Data Suppressed,161281.3868,803207063.5
507,Tribal,86510 Tribal,Data Suppressed,Data Suppressed,490945.7547,4387521826
508,Tribal,86511 Tribal,Data Suppressed,Data Suppressed,194852.2228,1031670781
509,Tribal,86514 Tribal,Data Suppressed,Data Suppressed,446448.0986,6491466233
510,Tribal,86515 Tribal,Data Suppressed,Data Suppressed,48975.28511,51371254.99
511,Tribal,86538 Tribal,Data Suppressed,Data Suppressed,336635.0227,2555023170
512,Tribal,86556 Tribal,Data Suppressed,Data Suppressed,94099.65195,281295044.4
